from,to,status,reason
chapter_10_game_runtime_docs_export_kit_authoring_agent_ready.md,./sections/00_game_runtime_basics.md,BROKEN,File not found
chapter_10_game_runtime_docs_export_kit_authoring_agent_ready.md,./sections/01_introduction.md,BROKEN,File not found
chapter_10_game_runtime_docs_export_kit_authoring_agent_ready.md,./sections/02_game_runtime_model.md,BROKEN,File not found
chapter_10_game_runtime_docs_export_kit_authoring_agent_ready.md,./sections/03_collection_methods.md,BROKEN,File not found
chapter_10_game_runtime_docs_export_kit_authoring_agent_ready.md,./sections/04_quality_and_limits.md,BROKEN,File not found
chapter_10_game_runtime_docs_export_kit_authoring_agent_ready.md,./sections/05_how_to_read_stats.md,BROKEN,File not found
chapter_10_game_runtime_docs_export_kit_authoring_agent_ready.md,./stats/stats.md,BROKEN,File not found
chapter_10_game_runtime_docs_export_kit_authoring_agent_ready.md,./analysis/findings.md,BROKEN,File not found
chapter_10_game_runtime_docs_export_kit_authoring_agent_ready.md,./game_runtime.schema.json,BROKEN,File not found
chapter_10_game_runtime_docs_export_kit_authoring_agent_ready.md,./datasets/game_runtime.dataset.jsonl,BROKEN,File not found
chapter_10_game_runtime_docs_export_kit_authoring_agent_ready.md,./datasets/game_runtime.dataset.csv,BROKEN,File not found
chapter_10_game_runtime_docs_export_kit_authoring_agent_ready.md,./diagrams/game_runtime_flow.mmd,BROKEN,File not found
chapter_10_game_runtime_docs_export_kit_authoring_agent_ready.md,obj,BROKEN,File not found
chapter_05_assets_docs_export_kit_authoring_agent_ready.md,./sections/00_assets_basics.md,BROKEN,File not found
chapter_05_assets_docs_export_kit_authoring_agent_ready.md,./sections/01_introduction.md,BROKEN,File not found
chapter_05_assets_docs_export_kit_authoring_agent_ready.md,./sections/02_asset_model.md,BROKEN,File not found
chapter_05_assets_docs_export_kit_authoring_agent_ready.md,./sections/03_collection_methods.md,BROKEN,File not found
chapter_05_assets_docs_export_kit_authoring_agent_ready.md,./sections/04_quality_and_limits.md,BROKEN,File not found
chapter_05_assets_docs_export_kit_authoring_agent_ready.md,./sections/05_how_to_read_stats.md,BROKEN,File not found
chapter_05_assets_docs_export_kit_authoring_agent_ready.md,./stats/stats.md,BROKEN,File not found
chapter_05_assets_docs_export_kit_authoring_agent_ready.md,./analysis/findings.md,BROKEN,File not found
chapter_05_assets_docs_export_kit_authoring_agent_ready.md,./assets.schema.json,BROKEN,File not found
chapter_05_assets_docs_export_kit_authoring_agent_ready.md,./datasets/assets.dataset.jsonl,BROKEN,File not found
chapter_05_assets_docs_export_kit_authoring_agent_ready.md,./datasets/assets.dataset.csv,BROKEN,File not found
chapter_05_assets_docs_export_kit_authoring_agent_ready.md,./diagrams/assets_flow.mmd,BROKEN,File not found
chapter_04_ui_docs_export_kit_authoring_agent_ready.md,./sections/00_ui_basics.md,BROKEN,File not found
chapter_04_ui_docs_export_kit_authoring_agent_ready.md,./sections/01_introduction.md,BROKEN,File not found
chapter_04_ui_docs_export_kit_authoring_agent_ready.md,./sections/02_widget_model.md,BROKEN,File not found
chapter_04_ui_docs_export_kit_authoring_agent_ready.md,./sections/03_collection_methods.md,BROKEN,File not found
chapter_04_ui_docs_export_kit_authoring_agent_ready.md,./sections/04_quality_and_limits.md,BROKEN,File not found
chapter_04_ui_docs_export_kit_authoring_agent_ready.md,./sections/05_how_to_read_stats.md,BROKEN,File not found
chapter_04_ui_docs_export_kit_authoring_agent_ready.md,./stats/stats.md,BROKEN,File not found
chapter_04_ui_docs_export_kit_authoring_agent_ready.md,./analysis/findings.md,BROKEN,File not found
chapter_04_ui_docs_export_kit_authoring_agent_ready.md,./widget.schema.json,BROKEN,File not found
chapter_04_ui_docs_export_kit_authoring_agent_ready.md,./widget_tree.schema.json,BROKEN,File not found
chapter_04_ui_docs_export_kit_authoring_agent_ready.md,./datasets/widgets.dataset.jsonl,BROKEN,File not found
chapter_04_ui_docs_export_kit_authoring_agent_ready.md,./datasets/widgets.dataset.csv,BROKEN,File not found
chapter_04_ui_docs_export_kit_authoring_agent_ready.md,./diagrams/ui_flow.mmd,BROKEN,File not found
chapter_03_modules_docs_export_kit_authoring_agent_ready.md,./sections/00_otclient_modules_basics.md,BROKEN,File not found
chapter_03_modules_docs_export_kit_authoring_agent_ready.md,./sections/01_introduction.md,BROKEN,File not found
chapter_03_modules_docs_export_kit_authoring_agent_ready.md,./sections/02_module_model.md,BROKEN,File not found
chapter_03_modules_docs_export_kit_authoring_agent_ready.md,./sections/03_collection_methods.md,BROKEN,File not found
chapter_03_modules_docs_export_kit_authoring_agent_ready.md,./sections/04_quality_and_limits.md,BROKEN,File not found
chapter_03_modules_docs_export_kit_authoring_agent_ready.md,./sections/05_how_to_read_stats.md,BROKEN,File not found
chapter_03_modules_docs_export_kit_authoring_agent_ready.md,./stats/stats.md,BROKEN,File not found
chapter_03_modules_docs_export_kit_authoring_agent_ready.md,./analysis/findings.md,BROKEN,File not found
chapter_03_modules_docs_export_kit_authoring_agent_ready.md,./modules.schema.json,BROKEN,File not found
chapter_03_modules_docs_export_kit_authoring_agent_ready.md,./datasets/modules.dataset.jsonl,BROKEN,File not found
chapter_03_modules_docs_export_kit_authoring_agent_ready.md,./datasets/modules.dataset.csv,BROKEN,File not found
chapter_03_modules_docs_export_kit_authoring_agent_ready.md,./diagrams/modules_flow.mmd,BROKEN,File not found
chapter_03_modules_docs_export_kit_authoring_agent_ready.md,./diagrams/modules_relations.mmd,BROKEN,File not found
chapter_08_audio_docs_export_kit_authoring_agent_ready.md,./sections/00_audio_basics.md,BROKEN,File not found
chapter_08_audio_docs_export_kit_authoring_agent_ready.md,./sections/01_introduction.md,BROKEN,File not found
chapter_08_audio_docs_export_kit_authoring_agent_ready.md,./sections/02_audio_model.md,BROKEN,File not found
chapter_08_audio_docs_export_kit_authoring_agent_ready.md,./sections/03_collection_methods.md,BROKEN,File not found
chapter_08_audio_docs_export_kit_authoring_agent_ready.md,./sections/04_quality_and_limits.md,BROKEN,File not found
chapter_08_audio_docs_export_kit_authoring_agent_ready.md,./sections/05_how_to_read_stats.md,BROKEN,File not found
chapter_08_audio_docs_export_kit_authoring_agent_ready.md,./stats/stats.md,BROKEN,File not found
chapter_08_audio_docs_export_kit_authoring_agent_ready.md,./analysis/findings.md,BROKEN,File not found
chapter_08_audio_docs_export_kit_authoring_agent_ready.md,./audio.schema.json,BROKEN,File not found
chapter_08_audio_docs_export_kit_authoring_agent_ready.md,./datasets/audio.dataset.jsonl,BROKEN,File not found
chapter_08_audio_docs_export_kit_authoring_agent_ready.md,./datasets/audio.dataset.csv,BROKEN,File not found
chapter_08_audio_docs_export_kit_authoring_agent_ready.md,./diagrams/audio_flow.mmd,BROKEN,File not found
chapter_08_audio_docs_export_kit_authoring_agent_ready.md,obj,BROKEN,File not found
chapter_09_logging_docs_export_kit_authoring_agent_ready.md,./sections/00_logging_basics.md,BROKEN,File not found
chapter_09_logging_docs_export_kit_authoring_agent_ready.md,./sections/01_introduction.md,BROKEN,File not found
chapter_09_logging_docs_export_kit_authoring_agent_ready.md,./sections/02_log_model.md,BROKEN,File not found
chapter_09_logging_docs_export_kit_authoring_agent_ready.md,./sections/03_collection_methods.md,BROKEN,File not found
chapter_09_logging_docs_export_kit_authoring_agent_ready.md,./sections/04_quality_and_limits.md,BROKEN,File not found
chapter_09_logging_docs_export_kit_authoring_agent_ready.md,./sections/05_how_to_read_stats.md,BROKEN,File not found
chapter_09_logging_docs_export_kit_authoring_agent_ready.md,./stats/stats.md,BROKEN,File not found
chapter_09_logging_docs_export_kit_authoring_agent_ready.md,./analysis/findings.md,BROKEN,File not found
chapter_09_logging_docs_export_kit_authoring_agent_ready.md,./logs.schema.json,BROKEN,File not found
chapter_09_logging_docs_export_kit_authoring_agent_ready.md,./datasets/logs.dataset.jsonl,BROKEN,File not found
chapter_09_logging_docs_export_kit_authoring_agent_ready.md,./datasets/logs.dataset.csv,BROKEN,File not found
chapter_09_logging_docs_export_kit_authoring_agent_ready.md,./diagrams/logging_flow.mmd,BROKEN,File not found
chapter_09_logging_docs_export_kit_authoring_agent_ready.md,./diagrams/error_timeline.mmd,BROKEN,File not found
chapter_06_network_docs_export_kit_authoring_agent_ready.md,./sections/00_network_basics.md,BROKEN,File not found
chapter_06_network_docs_export_kit_authoring_agent_ready.md,./sections/01_introduction.md,BROKEN,File not found
chapter_06_network_docs_export_kit_authoring_agent_ready.md,./sections/02_protocol_model.md,BROKEN,File not found
chapter_06_network_docs_export_kit_authoring_agent_ready.md,./sections/03_collection_methods.md,BROKEN,File not found
chapter_06_network_docs_export_kit_authoring_agent_ready.md,./sections/04_quality_and_limits.md,BROKEN,File not found
chapter_06_network_docs_export_kit_authoring_agent_ready.md,./sections/05_how_to_read_stats.md,BROKEN,File not found
chapter_06_network_docs_export_kit_authoring_agent_ready.md,./stats/stats.md,BROKEN,File not found
chapter_06_network_docs_export_kit_authoring_agent_ready.md,./analysis/findings.md,BROKEN,File not found
chapter_06_network_docs_export_kit_authoring_agent_ready.md,./protocol.schema.json,BROKEN,File not found
chapter_06_network_docs_export_kit_authoring_agent_ready.md,./datasets/protocol.dataset.jsonl,BROKEN,File not found
chapter_06_network_docs_export_kit_authoring_agent_ready.md,./datasets/protocol.dataset.csv,BROKEN,File not found
chapter_06_network_docs_export_kit_authoring_agent_ready.md,./diagrams/network_flow.mmd,BROKEN,File not found
chapter_06_network_docs_export_kit_authoring_agent_ready.md,./diagrams/login_handshake.mmd,BROKEN,File not found
chapter_06_network_docs_export_kit_authoring_agent_ready.md,obj,BROKEN,File not found
chapter_01_specyfikacja_implementacji_studio_react_electron_dla_skryptow_otclient_v_8_v_bot.md,./sections/00_otclient_basics.md,BROKEN,File not found
chapter_01_specyfikacja_implementacji_studio_react_electron_dla_skryptow_otclient_v_8_v_bot.md,./sections/01_introduction.md,BROKEN,File not found
chapter_01_specyfikacja_implementacji_studio_react_electron_dla_skryptow_otclient_v_8_v_bot.md,./sections/02_runtime_model.md,BROKEN,File not found
chapter_01_specyfikacja_implementacji_studio_react_electron_dla_skryptow_otclient_v_8_v_bot.md,./sections/03_collection_methods.md,BROKEN,File not found
chapter_01_specyfikacja_implementacji_studio_react_electron_dla_skryptow_otclient_v_8_v_bot.md,./sections/04_quality_and_limits.md,BROKEN,File not found
chapter_01_specyfikacja_implementacji_studio_react_electron_dla_skryptow_otclient_v_8_v_bot.md,./sections/05_how_to_read_stats.md,BROKEN,File not found
chapter_01_specyfikacja_implementacji_studio_react_electron_dla_skryptow_otclient_v_8_v_bot.md,./stats/stats.md,BROKEN,File not found
chapter_01_specyfikacja_implementacji_studio_react_electron_dla_skryptow_otclient_v_8_v_bot.md,./analysis/findings.md,BROKEN,File not found
chapter_01_specyfikacja_implementacji_studio_react_electron_dla_skryptow_otclient_v_8_v_bot.md,./runtime.schema.json,BROKEN,File not found
chapter_01_specyfikacja_implementacji_studio_react_electron_dla_skryptow_otclient_v_8_v_bot.md,./datasets/runtime.dataset.jsonl,BROKEN,File not found
chapter_01_specyfikacja_implementacji_studio_react_electron_dla_skryptow_otclient_v_8_v_bot.md,./datasets/runtime.dataset.csv,BROKEN,File not found
chapter_01_specyfikacja_implementacji_studio_react_electron_dla_skryptow_otclient_v_8_v_bot.md,./diagrams/runtime_stack.mmd,BROKEN,File not found
chapter_07_settings_crypto_docs_export_kit_authoring_agent_ready.md,./sections/00_settings_basics.md,BROKEN,File not found
chapter_07_settings_crypto_docs_export_kit_authoring_agent_ready.md,./sections/01_crypto_protocol_basics.md,BROKEN,File not found
chapter_07_settings_crypto_docs_export_kit_authoring_agent_ready.md,./sections/02_models.md,BROKEN,File not found
chapter_07_settings_crypto_docs_export_kit_authoring_agent_ready.md,./sections/03_collection_methods.md,BROKEN,File not found
chapter_07_settings_crypto_docs_export_kit_authoring_agent_ready.md,./sections/04_quality_and_limits.md,BROKEN,File not found
chapter_07_settings_crypto_docs_export_kit_authoring_agent_ready.md,./sections/05_how_to_read_stats.md,BROKEN,File not found
chapter_07_settings_crypto_docs_export_kit_authoring_agent_ready.md,./stats/stats.md,BROKEN,File not found
chapter_07_settings_crypto_docs_export_kit_authoring_agent_ready.md,./analysis/findings.md,BROKEN,File not found
chapter_07_settings_crypto_docs_export_kit_authoring_agent_ready.md,./settings.schema.json,BROKEN,File not found
chapter_07_settings_crypto_docs_export_kit_authoring_agent_ready.md,./crypto.schema.json,BROKEN,File not found
chapter_07_settings_crypto_docs_export_kit_authoring_agent_ready.md,./datasets/settings.dataset.jsonl,BROKEN,File not found
chapter_07_settings_crypto_docs_export_kit_authoring_agent_ready.md,./datasets/settings.dataset.csv,BROKEN,File not found
chapter_07_settings_crypto_docs_export_kit_authoring_agent_ready.md,./datasets/crypto.dataset.jsonl,BROKEN,File not found
chapter_07_settings_crypto_docs_export_kit_authoring_agent_ready.md,./datasets/crypto.dataset.csv,BROKEN,File not found
chapter_07_settings_crypto_docs_export_kit_authoring_agent_ready.md,./diagrams/settings_crypto_flow.mmd,BROKEN,File not found
chapter_02_events_docs_export_kit_authoring_agent_ready.md,./sections/00_otclient_events_basics.md,BROKEN,File not found
chapter_02_events_docs_export_kit_authoring_agent_ready.md,./sections/01_introduction.md,BROKEN,File not found
chapter_02_events_docs_export_kit_authoring_agent_ready.md,./sections/02_event_model.md,BROKEN,File not found
chapter_02_events_docs_export_kit_authoring_agent_ready.md,./sections/03_collection_methods.md,BROKEN,File not found
chapter_02_events_docs_export_kit_authoring_agent_ready.md,./sections/04_quality_and_limits.md,BROKEN,File not found
chapter_02_events_docs_export_kit_authoring_agent_ready.md,./sections/05_patterns_and_sequences.md,BROKEN,File not found
chapter_02_events_docs_export_kit_authoring_agent_ready.md,./sections/06_how_to_read_stats.md,BROKEN,File not found
chapter_02_events_docs_export_kit_authoring_agent_ready.md,./stats/stats.md,BROKEN,File not found
chapter_02_events_docs_export_kit_authoring_agent_ready.md,./analysis/findings.md,BROKEN,File not found
chapter_02_events_docs_export_kit_authoring_agent_ready.md,./events.schema.json,BROKEN,File not found
chapter_02_events_docs_export_kit_authoring_agent_ready.md,./datasets/events.dataset.jsonl,BROKEN,File not found
chapter_02_events_docs_export_kit_authoring_agent_ready.md,./datasets/events.dataset.csv,BROKEN,File not found
chapter_02_events_docs_export_kit_authoring_agent_ready.md,./diagrams/login_sequence.mmd,BROKEN,File not found
chapter_02_events_docs_export_kit_authoring_agent_ready.md,./diagrams/events_flow.mmd,BROKEN,File not found
01_core/api/cpp/android/android_native_app_glue.md,../diagrams/android_native_app_glue.mmd,BROKEN,File not found
01_core/api/cpp/client/position.md,../diagrams/position.mmd,BROKEN,File not found
01_core/api/cpp/client/game.md,../diagrams/game.mmd,BROKEN,File not found
01_core/api/cpp/client/item.md,../diagrams/item.mmd,BROKEN,File not found
01_core/api/cpp/client/thingtype.md,../diagrams/thingtype.mmd,BROKEN,File not found
01_core/api/cpp/client/statictext.md,../diagrams/statictext.mmd,BROKEN,File not found
01_core/api/cpp/client/localplayer.md,../diagrams/localplayer.mmd,BROKEN,File not found
01_core/api/cpp/client/uimapanchorlayout.md,../diagrams/uimapanchorlayout.mmd,BROKEN,File not found
01_core/api/cpp/client/uigraph.md,../diagrams/uigraph.mmd,BROKEN,File not found
01_core/api/cpp/client/mapview.md,../diagrams/mapview.mmd,BROKEN,File not found
01_core/api/cpp/client/outfit.md,../diagrams/outfit.mmd,BROKEN,File not found
01_core/api/cpp/client/protocolgame.md,../diagrams/protocolgame.mmd,BROKEN,File not found
01_core/api/cpp/client/creature.md,../diagrams/creature.mmd,BROKEN,File not found
01_core/api/cpp/client/player.md,../diagrams/player.mmd,BROKEN,File not found
01_core/api/cpp/client/uimap.md,../diagrams/uimap.mmd,BROKEN,File not found
01_core/api/cpp/client/uisprite.md,../diagrams/uisprite.mmd,BROKEN,File not found
01_core/api/cpp/client/animatedtext.md,../diagrams/animatedtext.mmd,BROKEN,File not found
01_core/api/cpp/client/itemtype.md,../diagrams/itemtype.mmd,BROKEN,File not found
01_core/api/cpp/client/thing.md,../diagrams/thing.mmd,BROKEN,File not found
01_core/api/cpp/client/uiminimap.md,../diagrams/uiminimap.mmd,BROKEN,File not found
01_core/api/cpp/client/walkmatrix.md,../diagrams/walkmatrix.mmd,BROKEN,File not found
01_core/api/cpp/client/minimap.md,../diagrams/minimap.mmd,BROKEN,File not found
01_core/api/cpp/client/tile.md,../diagrams/tile.mmd,BROKEN,File not found
01_core/api/cpp/client/towns.md,../diagrams/towns.mmd,BROKEN,File not found
01_core/api/cpp/client/uiitem.md,../diagrams/uiitem.mmd,BROKEN,File not found
01_core/api/cpp/client/creatures.md,../diagrams/creatures.mmd,BROKEN,File not found
01_core/api/cpp/client/missile.md,../diagrams/missile.mmd,BROKEN,File not found
01_core/api/cpp/client/uiprogressrect.md,../diagrams/uiprogressrect.mmd,BROKEN,File not found
01_core/api/cpp/client/uicreature.md,../diagrams/uicreature.mmd,BROKEN,File not found
01_core/api/cpp/client/declarations.md,../diagrams/declarations.mmd,BROKEN,File not found
01_core/api/cpp/client/lightview.md,../diagrams/lightview.mmd,BROKEN,File not found
01_core/api/cpp/client/animator.md,../diagrams/animator.mmd,BROKEN,File not found
01_core/api/cpp/client/thingtypemanager.md,../diagrams/thingtypemanager.mmd,BROKEN,File not found
01_core/api/cpp/client/houses.md,../diagrams/houses.mmd,BROKEN,File not found
01_core/api/cpp/client/healthbars.md,../diagrams/healthbars.mmd,BROKEN,File not found
01_core/api/cpp/client/client.md,../diagrams/client.mmd,BROKEN,File not found
01_core/api/cpp/client/map.md,../diagrams/map.mmd,BROKEN,File not found
01_core/api/cpp/client/effect.md,../diagrams/effect.mmd,BROKEN,File not found
01_core/api/cpp/client/thingstype.md,../diagrams/thingstype.mmd,BROKEN,File not found
01_core/api/cpp/client/container.md,../diagrams/container.mmd,BROKEN,File not found
01_core/api/cpp/client/spritemanager.md,../diagrams/spritemanager.mmd,BROKEN,File not found
01_core/api/cpp/framework/xml/tinyxml.md,../diagrams/tinyxml.mmd,BROKEN,File not found
01_core/api/cpp/framework/xml/tinystr.md,../diagrams/tinystr.mmd,BROKEN,File not found
01_core/api/cpp/framework/sound/soundsource.md,../diagrams/soundsource.mmd,BROKEN,File not found
01_core/api/cpp/framework/sound/oggsoundfile.md,../diagrams/oggsoundfile.mmd,BROKEN,File not found
01_core/api/cpp/framework/sound/soundchannel.md,../diagrams/soundchannel.mmd,BROKEN,File not found
01_core/api/cpp/framework/sound/soundfile.md,../diagrams/soundfile.mmd,BROKEN,File not found
01_core/api/cpp/framework/sound/soundbuffer.md,../diagrams/soundbuffer.mmd,BROKEN,File not found
01_core/api/cpp/framework/sound/combinedsoundsource.md,../diagrams/combinedsoundsource.mmd,BROKEN,File not found
01_core/api/cpp/framework/sound/declarations.md,../diagrams/declarations.mmd,BROKEN,File not found
01_core/api/cpp/framework/sound/soundmanager.md,../diagrams/soundmanager.mmd,BROKEN,File not found
01_core/api/cpp/framework/sound/streamsoundsource.md,../diagrams/streamsoundsource.mmd,BROKEN,File not found
01_core/api/cpp/framework/graphics/painter.md,../diagrams/painter.mmd,BROKEN,File not found
01_core/api/cpp/framework/graphics/hardwarebuffer.md,../diagrams/hardwarebuffer.mmd,BROKEN,File not found
01_core/api/cpp/framework/graphics/graphics.md,../diagrams/graphics.mmd,BROKEN,File not found
01_core/api/cpp/framework/graphics/drawcache.md,../diagrams/drawcache.mmd,BROKEN,File not found
01_core/api/cpp/framework/graphics/atlas.md,../diagrams/atlas.mmd,BROKEN,File not found
01_core/api/cpp/framework/graphics/fontmanager.md,../diagrams/fontmanager.mmd,BROKEN,File not found
01_core/api/cpp/framework/graphics/cachedtext.md,../diagrams/cachedtext.mmd,BROKEN,File not found
01_core/api/cpp/framework/graphics/shader.md,../diagrams/shader.mmd,BROKEN,File not found
01_core/api/cpp/framework/graphics/framebuffer.md,../diagrams/framebuffer.mmd,BROKEN,File not found
01_core/api/cpp/framework/graphics/textrender.md,../diagrams/textrender.mmd,BROKEN,File not found
01_core/api/cpp/framework/graphics/colorarray.md,../diagrams/colorarray.mmd,BROKEN,File not found
01_core/api/cpp/framework/graphics/texturemanager.md,../diagrams/texturemanager.mmd,BROKEN,File not found
01_core/api/cpp/framework/graphics/shadermanager.md,../diagrams/shadermanager.mmd,BROKEN,File not found
01_core/api/cpp/framework/graphics/texture.md,../diagrams/texture.mmd,BROKEN,File not found
01_core/api/cpp/framework/graphics/coordsbuffer.md,../diagrams/coordsbuffer.mmd,BROKEN,File not found
01_core/api/cpp/framework/graphics/image.md,../diagrams/image.mmd,BROKEN,File not found
01_core/api/cpp/framework/graphics/paintershaderprogram.md,../diagrams/paintershaderprogram.mmd,BROKEN,File not found
01_core/api/cpp/framework/graphics/framebuffermanager.md,../diagrams/framebuffermanager.mmd,BROKEN,File not found
01_core/api/cpp/framework/graphics/apngloader.md,../diagrams/apngloader.mmd,BROKEN,File not found
01_core/api/cpp/framework/graphics/graph.md,../diagrams/graph.mmd,BROKEN,File not found
01_core/api/cpp/framework/graphics/drawqueue.md,../diagrams/drawqueue.mmd,BROKEN,File not found
01_core/api/cpp/framework/graphics/bitmapfont.md,../diagrams/bitmapfont.mmd,BROKEN,File not found
01_core/api/cpp/framework/graphics/declarations.md,../diagrams/declarations.mmd,BROKEN,File not found
01_core/api/cpp/framework/graphics/vertexarray.md,../diagrams/vertexarray.mmd,BROKEN,File not found
01_core/api/cpp/framework/graphics/shaderprogram.md,../diagrams/shaderprogram.mmd,BROKEN,File not found
01_core/api/cpp/framework/graphics/deptharray.md,../diagrams/deptharray.mmd,BROKEN,File not found
01_core/api/cpp/framework/graphics/animatedtexture.md,../diagrams/animatedtexture.mmd,BROKEN,File not found
01_core/api/cpp/framework/proxy/proxy.md,../diagrams/proxy.mmd,BROKEN,File not found
01_core/api/cpp/framework/proxy/proxy_client.md,../diagrams/proxy_client.mmd,BROKEN,File not found
01_core/api/cpp/framework/platform/win32window.md,../diagrams/win32window.mmd,BROKEN,File not found
01_core/api/cpp/framework/platform/x11window.md,../diagrams/x11window.mmd,BROKEN,File not found
01_core/api/cpp/framework/platform/sdlwindow.md,../diagrams/sdlwindow.mmd,BROKEN,File not found
01_core/api/cpp/framework/platform/androidwindow.md,../diagrams/androidwindow.mmd,BROKEN,File not found
01_core/api/cpp/framework/platform/platform.md,../diagrams/platform.mmd,BROKEN,File not found
01_core/api/cpp/framework/platform/platformwindow.md,../diagrams/platformwindow.mmd,BROKEN,File not found
01_core/api/cpp/framework/ui/uilayout.md,../diagrams/uilayout.mmd,BROKEN,File not found
01_core/api/cpp/framework/ui/uihorizontallayout.md,../diagrams/uihorizontallayout.mmd,BROKEN,File not found
01_core/api/cpp/framework/ui/uianchorlayout.md,../diagrams/uianchorlayout.mmd,BROKEN,File not found
01_core/api/cpp/framework/ui/uiwidget.md,../diagrams/uiwidget.mmd,BROKEN,File not found
01_core/api/cpp/framework/ui/uiboxlayout.md,../diagrams/uiboxlayout.mmd,BROKEN,File not found
01_core/api/cpp/framework/ui/uitextedit.md,../diagrams/uitextedit.mmd,BROKEN,File not found
01_core/api/cpp/framework/ui/uigridlayout.md,../diagrams/uigridlayout.mmd,BROKEN,File not found
01_core/api/cpp/framework/ui/uimanager.md,../diagrams/uimanager.mmd,BROKEN,File not found
01_core/api/cpp/framework/ui/uiverticallayout.md,../diagrams/uiverticallayout.mmd,BROKEN,File not found
01_core/api/cpp/framework/ui/declarations.md,../diagrams/declarations.mmd,BROKEN,File not found
01_core/api/cpp/framework/core/inputevent.md,../diagrams/inputevent.mmd,BROKEN,File not found
01_core/api/cpp/framework/core/application.md,../diagrams/application.mmd,BROKEN,File not found
01_core/api/cpp/framework/core/eventdispatcher.md,../diagrams/eventdispatcher.mmd,BROKEN,File not found
01_core/api/cpp/framework/core/timer.md,../diagrams/timer.mmd,BROKEN,File not found
01_core/api/cpp/framework/core/filestream.md,../diagrams/filestream.mmd,BROKEN,File not found
01_core/api/cpp/framework/core/clock.md,../diagrams/clock.mmd,BROKEN,File not found
01_core/api/cpp/framework/core/scheduledevent.md,../diagrams/scheduledevent.mmd,BROKEN,File not found
01_core/api/cpp/framework/core/configmanager.md,../diagrams/configmanager.mmd,BROKEN,File not found
01_core/api/cpp/framework/core/resourcemanager.md,../diagrams/resourcemanager.mmd,BROKEN,File not found
01_core/api/cpp/framework/core/graphicalapplication.md,../diagrams/graphicalapplication.mmd,BROKEN,File not found
01_core/api/cpp/framework/core/config.md,../diagrams/config.mmd,BROKEN,File not found
01_core/api/cpp/framework/core/event.md,../diagrams/event.mmd,BROKEN,File not found
01_core/api/cpp/framework/core/consoleapplication.md,../diagrams/consoleapplication.mmd,BROKEN,File not found
01_core/api/cpp/framework/core/logger.md,../diagrams/logger.mmd,BROKEN,File not found
01_core/api/cpp/framework/core/asyncdispatcher.md,../diagrams/asyncdispatcher.mmd,BROKEN,File not found
01_core/api/cpp/framework/core/declarations.md,../diagrams/declarations.mmd,BROKEN,File not found
01_core/api/cpp/framework/core/modulemanager.md,../diagrams/modulemanager.mmd,BROKEN,File not found
01_core/api/cpp/framework/core/module.md,../diagrams/module.mmd,BROKEN,File not found
01_core/api/cpp/framework/core/adaptiverenderer.md,../diagrams/adaptiverenderer.mmd,BROKEN,File not found
01_core/api/cpp/framework/core/binarytree.md,../diagrams/binarytree.mmd,BROKEN,File not found
01_core/api/cpp/framework/stdext/shared_object.md,../diagrams/shared_object.mmd,BROKEN,File not found
01_core/api/cpp/framework/stdext/cast.md,../diagrams/cast.mmd,BROKEN,File not found
01_core/api/cpp/framework/stdext/packed_any.md,../diagrams/packed_any.mmd,BROKEN,File not found
01_core/api/cpp/framework/stdext/packed_storage.md,../diagrams/packed_storage.mmd,BROKEN,File not found
01_core/api/cpp/framework/stdext/dumper.md,../diagrams/dumper.mmd,BROKEN,File not found
01_core/api/cpp/framework/stdext/any.md,../diagrams/any.mmd,BROKEN,File not found
01_core/api/cpp/framework/stdext/dynamic_storage.md,../diagrams/dynamic_storage.mmd,BROKEN,File not found
01_core/api/cpp/framework/stdext/time.md,../diagrams/time.mmd,BROKEN,File not found
01_core/api/cpp/framework/stdext/exception.md,../diagrams/exception.mmd,BROKEN,File not found
01_core/api/cpp/framework/stdext/uri.md,../diagrams/uri.mmd,BROKEN,File not found
01_core/api/cpp/framework/stdext/boolean.md,../diagrams/boolean.mmd,BROKEN,File not found
01_core/api/cpp/framework/net/packet_player.md,../diagrams/packet_player.mmd,BROKEN,File not found
01_core/api/cpp/framework/net/inputmessage.md,../diagrams/inputmessage.mmd,BROKEN,File not found
01_core/api/cpp/framework/net/outputmessage.md,../diagrams/outputmessage.mmd,BROKEN,File not found
01_core/api/cpp/framework/net/packet_recorder.md,../diagrams/packet_recorder.mmd,BROKEN,File not found
01_core/api/cpp/framework/net/server.md,../diagrams/server.mmd,BROKEN,File not found
01_core/api/cpp/framework/net/declarations.md,../diagrams/declarations.mmd,BROKEN,File not found
01_core/api/cpp/framework/net/protocol.md,../diagrams/protocol.mmd,BROKEN,File not found
01_core/api/cpp/framework/net/connection.md,../diagrams/connection.mmd,BROKEN,File not found
01_core/api/cpp/framework/otml/otmlparser.md,../diagrams/otmlparser.mmd,BROKEN,File not found
01_core/api/cpp/framework/otml/otmlemitter.md,../diagrams/otmlemitter.mmd,BROKEN,File not found
01_core/api/cpp/framework/otml/otmlnode.md,../diagrams/otmlnode.mmd,BROKEN,File not found
01_core/api/cpp/framework/otml/otmldocument.md,../diagrams/otmldocument.mmd,BROKEN,File not found
01_core/api/cpp/framework/otml/declarations.md,../diagrams/declarations.mmd,BROKEN,File not found
01_core/api/cpp/framework/otml/otmlexception.md,../diagrams/otmlexception.mmd,BROKEN,File not found
01_core/api/cpp/framework/luaengine/luavaluecasts.md,../diagrams/luavaluecasts.mmd,BROKEN,File not found
01_core/api/cpp/framework/luaengine/luabinder.md,../diagrams/luabinder.mmd,BROKEN,File not found
01_core/api/cpp/framework/luaengine/luaexception.md,../diagrams/luaexception.mmd,BROKEN,File not found
01_core/api/cpp/framework/luaengine/luaobject.md,../diagrams/luaobject.mmd,BROKEN,File not found
01_core/api/cpp/framework/luaengine/declarations.md,../diagrams/declarations.mmd,BROKEN,File not found
01_core/api/cpp/framework/luaengine/lbitlib.md,../diagrams/lbitlib.mmd,BROKEN,File not found
01_core/api/cpp/framework/luaengine/luainterface.md,../diagrams/luainterface.mmd,BROKEN,File not found
01_core/api/cpp/framework/input/mouse.md,../diagrams/mouse.mmd,BROKEN,File not found
01_core/api/cpp/framework/util/framecounter.md,../diagrams/framecounter.mmd,BROKEN,File not found
01_core/api/cpp/framework/util/qrcodegen.md,../diagrams/qrcodegen.mmd,BROKEN,File not found
01_core/api/cpp/framework/util/pngunpacker.md,../diagrams/pngunpacker.mmd,BROKEN,File not found
01_core/api/cpp/framework/util/color.md,../diagrams/color.mmd,BROKEN,File not found
01_core/api/cpp/framework/util/stats.md,../diagrams/stats.mmd,BROKEN,File not found
01_core/api/cpp/framework/util/size.md,../diagrams/size.mmd,BROKEN,File not found
01_core/api/cpp/framework/util/databuffer.md,../diagrams/databuffer.mmd,BROKEN,File not found
01_core/api/cpp/framework/util/matrix.md,../diagrams/matrix.mmd,BROKEN,File not found
01_core/api/cpp/framework/util/extras.md,../diagrams/extras.mmd,BROKEN,File not found
01_core/api/cpp/framework/util/rect.md,../diagrams/rect.mmd,BROKEN,File not found
01_core/api/cpp/framework/util/crypt.md,../diagrams/crypt.mmd,BROKEN,File not found
01_core/api/cpp/framework/util/point.md,../diagrams/point.mmd,BROKEN,File not found
01_core/api/cpp/framework/http/session.md,../diagrams/session.mmd,BROKEN,File not found
01_core/api/cpp/framework/http/result.md,../diagrams/result.mmd,BROKEN,File not found
01_core/api/cpp/framework/http/http.md,../diagrams/http.mmd,BROKEN,File not found
01_core/api/cpp/framework/http/websocket.md,../diagrams/websocket.mmd,BROKEN,File not found
04_ui/otui/game_battle/battlebutton.md,../diagrams/battlebutton.mmd,BROKEN,File not found
04_ui/otui/game_battle/battle.md,../diagrams/battle.mmd,BROKEN,File not found
04_ui/otui/game_spelllist/spelllist.md,../diagrams/spelllist.mmd,BROKEN,File not found
04_ui/otui/game_npctrade/npctrade.md,../diagrams/npctrade.mmd,BROKEN,File not found
04_ui/otui/client_entergame/characterlist.md,../diagrams/characterlist.mmd,BROKEN,File not found
04_ui/otui/client_options/options.md,../diagrams/options.mmd,BROKEN,File not found
04_ui/otui/game_skills/skills.md,../diagrams/skills.mmd,BROKEN,File not found
04_ui/otui/game_console/communicationwindow.md,../diagrams/communicationwindow.mmd,BROKEN,File not found
04_ui/otui/game_console/channelswindow.md,../diagrams/channelswindow.mmd,BROKEN,File not found
04_ui/otui/game_hotkeys/hotkeys_manager.md,../diagrams/hotkeys_manager.mmd,BROKEN,File not found
04_ui/otui/game_questlog/questlogwindow.md,../diagrams/questlogwindow.mmd,BROKEN,File not found
04_ui/otui/game_viplist/viplist.md,../diagrams/viplist.mmd,BROKEN,File not found
04_ui/otui/game_viplist/editvip.md,../diagrams/editvip.mmd,BROKEN,File not found
04_ui/otui/game_ruleviolation/ruleviolation.md,../diagrams/ruleviolation.mmd,BROKEN,File not found
04_ui/otui/game_outfit/outfitwindow.md,../diagrams/outfitwindow.mmd,BROKEN,File not found
04_ui/otui/game_actionbar/object.md,../diagrams/object.mmd,BROKEN,File not found
04_ui/otui/game_actionbar/actionbar.md,../diagrams/actionbar.mmd,BROKEN,File not found
04_ui/otui/game_actionbar/spell.md,../diagrams/spell.mmd,BROKEN,File not found
04_ui/otui/game_actionbar/sideactionbar.md,../diagrams/sideactionbar.mmd,BROKEN,File not found
04_ui/otui/game_modaldialog/modaldialog.md,../diagrams/modaldialog.mmd,BROKEN,File not found
04_ui/otui/game_interface/gameinterface.md,../diagrams/gameinterface.mmd,BROKEN,File not found
04_ui/otui/game_imbuing/imbuing.md,../diagrams/imbuing.mmd,BROKEN,File not found
04_ui/otui/game_bugreport/bugreport.md,../diagrams/bugreport.mmd,BROKEN,File not found
04_ui/otui/game_itemselector/itemselector.md,../diagrams/itemselector.mmd,BROKEN,File not found
04_ui/otui/game_textmessage/textmessage.md,../diagrams/textmessage.mmd,BROKEN,File not found
04_ui/otui/game_topbar/topbar.md,../diagrams/topbar.mmd,BROKEN,File not found
04_ui/otui/game_playertrade/tradewindow.md,../diagrams/tradewindow.mmd,BROKEN,File not found
04_ui/otui/game_cooldown/cooldown.md,../diagrams/cooldown.mmd,BROKEN,File not found
04_ui/otui/client_locales/locales.md,../diagrams/locales.mmd,BROKEN,File not found
04_ui/otui/game_market/market.md,../diagrams/market.mmd,BROKEN,File not found
04_ui/otui/client_terminal/terminal.md,../diagrams/terminal.mmd,BROKEN,File not found
04_ui/otui/client_textedit/textedit.md,../diagrams/textedit.mmd,BROKEN,File not found
04_ui/otui/game_prey/prey.md,../diagrams/prey.mmd,BROKEN,File not found
04_ui/otui/game_textwindow/textwindow.md,../diagrams/textwindow.mmd,BROKEN,File not found
04_ui/otui/client_stats/stats.md,../diagrams/stats.mmd,BROKEN,File not found
04_ui/otui/game_unjustifiedpoints/unjustifiedpoints.md,../diagrams/unjustifiedpoints.mmd,BROKEN,File not found
04_ui/otui/game_shop/shop.md,../diagrams/shop.mmd,BROKEN,File not found
04_ui/otui/game_playerdeath/deathwindow.md,../diagrams/deathwindow.mmd,BROKEN,File not found
04_ui/otui/game_minimap/flagwindow.md,../diagrams/flagwindow.mmd,BROKEN,File not found
04_ui/otui/game_bot/bot.md,../diagrams/bot.mmd,BROKEN,File not found
04_ui/otui/game_interface/styles/countwindow.md,../diagrams/countwindow.mmd,BROKEN,File not found
04_ui/otui/game_market/ui/myoffers/currentoffers.md,../diagrams/currentoffers.mmd,BROKEN,File not found
04_ui/otui/game_market/ui/marketoffers/browse.md,../diagrams/browse.mmd,BROKEN,File not found
04_ui/otui/game_market/ui/marketoffers/itemoffers.md,../diagrams/itemoffers.mmd,BROKEN,File not found
04_ui/otui/game_market/ui/marketoffers/itemstats.md,../diagrams/itemstats.mmd,BROKEN,File not found
04_ui/otui/game_market/ui/marketoffers/itemdetails.md,../diagrams/itemdetails.mmd,BROKEN,File not found
04_ui/otui/game_market/ui/general/markettabs.md,../diagrams/markettabs.mmd,BROKEN,File not found
04_ui/otui/game_market/ui/general/marketbuttons.md,../diagrams/marketbuttons.mmd,BROKEN,File not found
04_ui/otui/game_market/ui/general/amountwindow.md,../diagrams/amountwindow.mmd,BROKEN,File not found
04_ui/otui/game_market/ui/general/marketcombobox.md,../diagrams/marketcombobox.mmd,BROKEN,File not found
04_ui/otui/game_bot/ui/icons.md,../diagrams/icons.mmd,BROKEN,File not found
04_ui/otui/game_bot/ui/config.md,../diagrams/config.mmd,BROKEN,File not found
04_ui/otui/game_bot/ui/basic.md,../diagrams/basic.mmd,BROKEN,File not found
04_ui/otui/game_bot/ui/panels.md,../diagrams/panels.mmd,BROKEN,File not found
04_ui/otui/game_bot/ui/container.md,../diagrams/container.mmd,BROKEN,File not found
04_ui/otui/game_bot/default_configs/vBot_4.7/cavebot/config.md,../diagrams/config.mmd,BROKEN,File not found
04_ui/otui/game_bot/default_configs/vBot_4.7/cavebot/cavebot.md,../diagrams/cavebot.mmd,BROKEN,File not found
04_ui/otui/game_bot/default_configs/vBot_4.7/cavebot/editor.md,../diagrams/editor.mmd,BROKEN,File not found
04_ui/otui/game_bot/default_configs/vBot_4.7/targetbot/target.md,../diagrams/target.mmd,BROKEN,File not found
04_ui/otui/game_bot/default_configs/vBot_4.7/targetbot/creature_editor.md,../diagrams/creature_editor.mmd,BROKEN,File not found
04_ui/otui/game_bot/default_configs/vBot_4.7/targetbot/looting.md,../diagrams/looting.mmd,BROKEN,File not found
04_ui/otui/game_bot/default_configs/vBot_4.7/vBot/AttackBot.md,../diagrams/AttackBot.mmd,BROKEN,File not found
04_ui/otui/game_bot/default_configs/vBot_4.7/vBot/alarms.md,../diagrams/alarms.mmd,BROKEN,File not found
04_ui/otui/game_bot/default_configs/vBot_4.7/vBot/supplies.md,../diagrams/supplies.mmd,BROKEN,File not found
04_ui/otui/game_bot/default_configs/vBot_4.7/vBot/analyzer.md,../diagrams/analyzer.mmd,BROKEN,File not found
04_ui/otui/game_bot/default_configs/vBot_4.7/vBot/new_healer.md,../diagrams/new_healer.mmd,BROKEN,File not found
04_ui/otui/game_bot/default_configs/vBot_4.7/vBot/HealBot.md,../diagrams/HealBot.mmd,BROKEN,File not found
04_ui/otui/game_bot/default_configs/vBot_4.7/vBot/equipper.md,../diagrams/equipper.mmd,BROKEN,File not found
04_ui/otui/game_bot/default_configs/vBot_4.7/vBot/depositer_config.md,../diagrams/depositer_config.mmd,BROKEN,File not found
04_ui/otui/game_bot/default_configs/vBot_4.7/vBot/playerlist.md,../diagrams/playerlist.mmd,BROKEN,File not found
04_ui/otui/game_bot/default_configs/vBot_4.7/vBot/Conditions.md,../diagrams/Conditions.mmd,BROKEN,File not found
04_ui/otui/game_bot/default_configs/vBot_4.7/vBot/extras.md,../diagrams/extras.mmd,BROKEN,File not found
04_ui/otui/game_bot/default_configs/vBot_4.7/vBot/pushmax.md,../diagrams/pushmax.mmd,BROKEN,File not found
04_ui/otui/game_bot/default_configs/vBot_4.7/vBot/siolist.md,../diagrams/siolist.mmd,BROKEN,File not found
04_ui/otui/game_bot/default_configs/vBot_4.7/vBot/BotServer.md,../diagrams/BotServer.mmd,BROKEN,File not found
04_ui/otui/game_bot/default_configs/vBot_4.7/vBot/combo.md,../diagrams/combo.mmd,BROKEN,File not found
04_ui/otui/game_bot/default_configs/cavebot_1.3/cavebot/config.md,../diagrams/config.mmd,BROKEN,File not found
04_ui/otui/game_bot/default_configs/cavebot_1.3/cavebot/cavebot.md,../diagrams/cavebot.mmd,BROKEN,File not found
04_ui/otui/game_bot/default_configs/cavebot_1.3/cavebot/supply.md,../diagrams/supply.mmd,BROKEN,File not found
04_ui/otui/game_bot/default_configs/cavebot_1.3/cavebot/editor.md,../diagrams/editor.mmd,BROKEN,File not found
04_ui/otui/game_bot/default_configs/cavebot_1.3/targetbot/target.md,../diagrams/target.mmd,BROKEN,File not found
04_ui/otui/game_bot/default_configs/cavebot_1.3/targetbot/creature_editor.md,../diagrams/creature_editor.mmd,BROKEN,File not found
04_ui/otui/game_bot/default_configs/cavebot_1.3/targetbot/looting.md,../diagrams/looting.mmd,BROKEN,File not found
04_ui/otui/game_bot/default_configs/vBot_4.8/cavebot/config.md,../diagrams/config.mmd,BROKEN,File not found
04_ui/otui/game_bot/default_configs/vBot_4.8/cavebot/cavebot.md,../diagrams/cavebot.mmd,BROKEN,File not found
04_ui/otui/game_bot/default_configs/vBot_4.8/cavebot/editor.md,../diagrams/editor.mmd,BROKEN,File not found
04_ui/otui/game_bot/default_configs/vBot_4.8/targetbot/target.md,../diagrams/target.mmd,BROKEN,File not found
04_ui/otui/game_bot/default_configs/vBot_4.8/targetbot/creature_editor.md,../diagrams/creature_editor.mmd,BROKEN,File not found
04_ui/otui/game_bot/default_configs/vBot_4.8/targetbot/looting.md,../diagrams/looting.mmd,BROKEN,File not found
04_ui/otui/game_bot/default_configs/vBot_4.8/vBot/AttackBot.md,../diagrams/AttackBot.mmd,BROKEN,File not found
04_ui/otui/game_bot/default_configs/vBot_4.8/vBot/alarms.md,../diagrams/alarms.mmd,BROKEN,File not found
04_ui/otui/game_bot/default_configs/vBot_4.8/vBot/supplies.md,../diagrams/supplies.mmd,BROKEN,File not found
04_ui/otui/game_bot/default_configs/vBot_4.8/vBot/analyzer.md,../diagrams/analyzer.mmd,BROKEN,File not found
04_ui/otui/game_bot/default_configs/vBot_4.8/vBot/new_healer.md,../diagrams/new_healer.mmd,BROKEN,File not found
04_ui/otui/game_bot/default_configs/vBot_4.8/vBot/HealBot.md,../diagrams/HealBot.mmd,BROKEN,File not found
04_ui/otui/game_bot/default_configs/vBot_4.8/vBot/equipper.md,../diagrams/equipper.mmd,BROKEN,File not found
04_ui/otui/game_bot/default_configs/vBot_4.8/vBot/depositer_config.md,../diagrams/depositer_config.mmd,BROKEN,File not found
04_ui/otui/game_bot/default_configs/vBot_4.8/vBot/playerlist.md,../diagrams/playerlist.mmd,BROKEN,File not found
04_ui/otui/game_bot/default_configs/vBot_4.8/vBot/Conditions.md,../diagrams/Conditions.mmd,BROKEN,File not found
04_ui/otui/game_bot/default_configs/vBot_4.8/vBot/extras.md,../diagrams/extras.mmd,BROKEN,File not found
04_ui/otui/game_bot/default_configs/vBot_4.8/vBot/pushmax.md,../diagrams/pushmax.mmd,BROKEN,File not found
04_ui/otui/game_bot/default_configs/vBot_4.8/vBot/siolist.md,../diagrams/siolist.mmd,BROKEN,File not found
04_ui/otui/game_bot/default_configs/vBot_4.8/vBot/BotServer.md,../diagrams/BotServer.mmd,BROKEN,File not found
04_ui/otui/game_bot/default_configs/vBot_4.8/vBot/combo.md,../diagrams/combo.mmd,BROKEN,File not found
