source_path,reason,details
events/detection,no_dataset,Not found in any dataset
resource.h,no_links,No internal links found
framework/global.h,no_links,No internal links found
framework/const.h,no_links,No internal links found
framework/pch.h,no_links,No internal links found
android/pch.h,no_links,No internal links found
client/protocolcodes.h,no_links,No internal links found
client/global.h,no_links,No internal links found
client/const.h,no_links,No internal links found
client/luavaluecasts_client.h,no_links,No internal links found
framework/graphics/glutil.h,no_links,No internal links found
framework/platform/crashhandler.h,no_links,No internal links found
framework/ui/uitranslator.h,no_links,No internal links found
framework/ui/ui.h,no_links,No internal links found
framework/stdext/fastrand.h,no_links,No internal links found
framework/stdext/demangle.h,no_links,No internal links found
framework/stdext/string.h,no_links,No internal links found
framework/stdext/compiler.h,no_links,No internal links found
framework/stdext/math.h,no_links,No internal links found
framework/stdext/thread.h,no_links,No internal links found
framework/stdext/stdext.h,no_links,No internal links found
framework/stdext/format.h,no_links,No internal links found
framework/stdext/types.h,no_links,No internal links found
framework/stdext/net.h,no_links,No internal links found
framework/stdext/traits.h,no_links,No internal links found
framework/otml/otml.h,no_links,No internal links found
framework/graphics/shaders/outfits.h,no_links,No internal links found
framework/graphics/shaders/newshader.h,no_links,No internal links found
framework/graphics/shaders/shadersources.h,no_links,No internal links found
framework/graphics/shaders/shaders.h,no_links,No internal links found
game_walking/walking.lua,no_links,No internal links found
game_battle/battle.lua,no_links,No internal links found
corelib/struct.lua,no_links,No internal links found
corelib/inputmessage.lua,no_links,No internal links found
corelib/outputmessage.lua,no_links,No internal links found
corelib/bitwise.lua,no_links,No internal links found
corelib/globals.lua,no_links,No internal links found
corelib/test.lua,no_links,No internal links found
corelib/string.lua,no_links,No internal links found
corelib/config.lua,no_links,No internal links found
corelib/math.lua,no_links,No internal links found
corelib/http.lua,no_links,No internal links found
corelib/const.lua,no_links,No internal links found
corelib/mouse.lua,no_links,No internal links found
corelib/table.lua,no_links,No internal links found
corelib/util.lua,no_links,No internal links found
corelib/json.lua,no_links,No internal links found
corelib/settings.lua,no_links,No internal links found
corelib/net.lua,no_links,No internal links found
corelib/orderedtable.lua,no_links,No internal links found
corelib/keyboard.lua,no_links,No internal links found
corelib/base64.lua,no_links,No internal links found
client_profiles/profiles.lua,no_links,No internal links found
client_styles/styles.lua,no_links,No internal links found
game_buttons/buttons.lua,no_links,No internal links found
game_spelllist/spelllist.lua,no_links,No internal links found
game_npctrade/npctrade.lua,no_links,No internal links found
client_entergame/entergame.lua,no_links,No internal links found
client_entergame/characterlist.lua,no_links,No internal links found
client_options/options.lua,no_links,No internal links found
client_feedback/feedback.lua,no_links,No internal links found
game_healthbars/healthbars.lua,no_links,No internal links found
game_skills/skills.lua,no_links,No internal links found
game_protocol/protocol.lua,no_links,No internal links found
game_containers/containers.lua,no_links,No internal links found
gamelib/position.lua,no_links,No internal links found
gamelib/game.lua,no_links,No internal links found
gamelib/protocolgame.lua,no_links,No internal links found
gamelib/creature.lua,no_links,No internal links found
gamelib/player.lua,no_links,No internal links found
gamelib/spells.lua,no_links,No internal links found
gamelib/textmessages.lua,no_links,No internal links found
gamelib/thing.lua,no_links,No internal links found
gamelib/const.lua,no_links,No internal links found
gamelib/protocollogin.lua,no_links,No internal links found
gamelib/util.lua,no_links,No internal links found
gamelib/market.lua,no_links,No internal links found
gamelib/protocol.lua,no_links,No internal links found
game_console/console.lua,no_links,No internal links found
game_hotkeys/hotkeys_extra.lua,no_links,No internal links found
game_hotkeys/hotkeys_manager.lua,no_links,No internal links found
game_questlog/questlog.lua,no_links,No internal links found
game_viplist/viplist.lua,no_links,No internal links found
game_ruleviolation/ruleviolation.lua,no_links,No internal links found
game_shaders/shaders.lua,no_links,No internal links found
game_outfit/outfit.lua,no_links,No internal links found
client/client.lua,no_links,No internal links found
game_features/features.lua,no_links,No internal links found
client_mobile/mobile.lua,no_links,No internal links found
game_actionbar/actionbar.lua,no_links,No internal links found
game_stats/stats.lua,no_links,No internal links found
game_modaldialog/modaldialog.lua,no_links,No internal links found
game_interface/gameinterface.lua,no_links,No internal links found
game_imbuing/imbuing.lua,no_links,No internal links found
game_bugreport/bugreport.lua,no_links,No internal links found
game_itemselector/itemselector.lua,no_links,No internal links found
game_healthinfo/healthinfo.lua,no_links,No internal links found
game_textmessage/textmessage.lua,no_links,No internal links found
game_topbar/topbar.lua,no_links,No internal links found
game_playertrade/playertrade.lua,no_links,No internal links found
game_cooldown/cooldown.lua,no_links,No internal links found
game_inventory/inventory.lua,no_links,No internal links found
client_locales/neededtranslations.lua,no_links,No internal links found
client_locales/locales.lua,no_links,No internal links found
game_market/marketoffer.lua,no_links,No internal links found
game_market/offerstatistic.lua,no_links,No internal links found
game_market/marketprotocol.lua,no_links,No internal links found
game_market/market.lua,no_links,No internal links found
client_topmenu/topmenu.lua,no_links,No internal links found
crash_reporter/crash_reporter.lua,no_links,No internal links found
client_terminal/commands.lua,no_links,No internal links found
client_terminal/terminal.lua,no_links,No internal links found
game_things/things.lua,no_links,No internal links found
client_textedit/textedit.lua,no_links,No internal links found
game_prey/prey.lua,no_links,No internal links found
game_textwindow/textwindow.lua,no_links,No internal links found
client_stats/stats.lua,no_links,No internal links found
game_unjustifiedpoints/unjustifiedpoints.lua,no_links,No internal links found
client_background/background.lua,no_links,No internal links found
updater/updater.lua,no_links,No internal links found
game_shop/shop.lua,no_links,No internal links found
game_playerdeath/playerdeath.lua,no_links,No internal links found
game_minimap/minimap.lua,no_links,No internal links found
game_playermount/playermount.lua,no_links,No internal links found
game_bot/bot.lua,no_links,No internal links found
game_bot/executor.lua,no_links,No internal links found
corelib/ui/uiminiwindow.lua,no_links,No internal links found
corelib/ui/uilabel.lua,no_links,No internal links found
corelib/ui/uicheckbox.lua,no_links,No internal links found
corelib/ui/uiwindow.lua,no_links,No internal links found
corelib/ui/uimessagebox.lua,no_links,No internal links found
corelib/ui/uiprogressbar.lua,no_links,No internal links found
corelib/ui/uiresizeborder.lua,no_links,No internal links found
corelib/ui/uisplitter.lua,no_links,No internal links found
corelib/ui/uipopupscrollmenu.lua,no_links,No internal links found
corelib/ui/uiscrollarea.lua,no_links,No internal links found
corelib/ui/uimovabletabbar.lua,no_links,No internal links found
corelib/ui/uiwidget.lua,no_links,No internal links found
corelib/ui/uipopupmenu.lua,no_links,No internal links found
corelib/ui/uiinputbox.lua,no_links,No internal links found
corelib/ui/uiimageview.lua,no_links,No internal links found
corelib/ui/uiscrollbar.lua,no_links,No internal links found
corelib/ui/uitextedit.lua,no_links,No internal links found
corelib/ui/effects.lua,no_links,No internal links found
corelib/ui/uibutton.lua,no_links,No internal links found
corelib/ui/uiminiwindowcontainer.lua,no_links,No internal links found
corelib/ui/uiradiogroup.lua,no_links,No internal links found
corelib/ui/uitabbar.lua,no_links,No internal links found
corelib/ui/tooltip.lua,no_links,No internal links found
corelib/ui/uispinbox.lua,no_links,No internal links found
corelib/ui/uicombobox.lua,no_links,No internal links found
corelib/ui/uitable.lua,no_links,No internal links found
gamelib/ui/uiminimap.lua,no_links,No internal links found
gamelib/ui/uiitem.lua,no_links,No internal links found
gamelib/ui/uicreaturebutton.lua,no_links,No internal links found
game_interface/widgets/uigamemap.lua,no_links,No internal links found
game_bot/functions/player_conditions.lua,no_links,No internal links found
game_bot/functions/script_loader.lua,no_links,No internal links found
game_bot/functions/player.lua,no_links,No internal links found
game_bot/functions/tools.lua,no_links,No internal links found
game_bot/functions/test.lua,no_links,No internal links found
game_bot/functions/icon.lua,no_links,No internal links found
game_bot/functions/config.lua,no_links,No internal links found
game_bot/functions/ui_elements.lua,no_links,No internal links found
game_bot/functions/ui_legacy.lua,no_links,No internal links found
game_bot/functions/server.lua,no_links,No internal links found
game_bot/functions/callbacks.lua,no_links,No internal links found
game_bot/functions/ui.lua,no_links,No internal links found
game_bot/functions/const.lua,no_links,No internal links found
game_bot/functions/ui_windows.lua,no_links,No internal links found
game_bot/functions/main.lua,no_links,No internal links found
game_bot/functions/sound.lua,no_links,No internal links found
game_bot/functions/map.lua,no_links,No internal links found
game_bot/functions/npc.lua,no_links,No internal links found
game_bot/functions/player_inventory.lua,no_links,No internal links found
game_bot/panels/tools.lua,no_links,No internal links found
game_bot/panels/war.lua,no_links,No internal links found
game_bot/panels/looting.lua,no_links,No internal links found
game_bot/panels/waypoints.lua,no_links,No internal links found
game_bot/panels/healing.lua,no_links,No internal links found
game_bot/panels/basic.lua,no_links,No internal links found
game_bot/panels/attacking.lua,no_links,No internal links found
game_bot/default_configs/vBot_4.7/_Loader.lua,no_links,No internal links found
game_bot/default_configs/cavebot_1.3/tools.lua,no_links,No internal links found
game_bot/default_configs/cavebot_1.3/mwall_timer.lua,no_links,No internal links found
game_bot/default_configs/cavebot_1.3/hp.lua,no_links,No internal links found
game_bot/default_configs/cavebot_1.3/cavebot.lua,no_links,No internal links found
game_bot/default_configs/cavebot_1.3/main.lua,no_links,No internal links found
game_bot/default_configs/vBot_4.8/_Loader.lua,no_links,No internal links found
game_bot/default_configs/vBot_4.7/cavebot/supply_check.lua,no_links,No internal links found
game_bot/default_configs/vBot_4.7/cavebot/example_functions.lua,no_links,No internal links found
game_bot/default_configs/vBot_4.7/cavebot/imbuing.lua,no_links,No internal links found
game_bot/default_configs/vBot_4.7/cavebot/stand_lure.lua,no_links,No internal links found
game_bot/default_configs/vBot_4.7/cavebot/d_withdraw.lua,no_links,No internal links found
game_bot/default_configs/vBot_4.7/cavebot/doors.lua,no_links,No internal links found
game_bot/default_configs/vBot_4.7/cavebot/withdraw.lua,no_links,No internal links found
game_bot/default_configs/vBot_4.7/cavebot/travel.lua,no_links,No internal links found
game_bot/default_configs/vBot_4.7/cavebot/walking.lua,no_links,No internal links found
game_bot/default_configs/vBot_4.7/cavebot/pos_check.lua,no_links,No internal links found
game_bot/default_configs/vBot_4.7/cavebot/sell_all.lua,no_links,No internal links found
game_bot/default_configs/vBot_4.7/cavebot/bank.lua,no_links,No internal links found
game_bot/default_configs/vBot_4.7/cavebot/config.lua,no_links,No internal links found
game_bot/default_configs/vBot_4.7/cavebot/depositor.lua,no_links,No internal links found
game_bot/default_configs/vBot_4.7/cavebot/minimap.lua,no_links,No internal links found
game_bot/default_configs/vBot_4.7/cavebot/inbox_withdraw.lua,no_links,No internal links found
game_bot/default_configs/vBot_4.7/cavebot/buy_supplies.lua,no_links,No internal links found
game_bot/default_configs/vBot_4.7/cavebot/cavebot.lua,no_links,No internal links found
game_bot/default_configs/vBot_4.7/cavebot/lure.lua,no_links,No internal links found
game_bot/default_configs/vBot_4.7/cavebot/tasker.lua,no_links,No internal links found
game_bot/default_configs/vBot_4.7/cavebot/clear_tile.lua,no_links,No internal links found
game_bot/default_configs/vBot_4.7/cavebot/recorder.lua,no_links,No internal links found
game_bot/default_configs/vBot_4.7/cavebot/actions.lua,no_links,No internal links found
game_bot/default_configs/vBot_4.7/cavebot/extension_template.lua,no_links,No internal links found
game_bot/default_configs/vBot_4.7/cavebot/editor.lua,no_links,No internal links found
game_bot/default_configs/vBot_4.7/targetbot/target.lua,no_links,No internal links found
game_bot/default_configs/vBot_4.7/targetbot/creature.lua,no_links,No internal links found
game_bot/default_configs/vBot_4.7/targetbot/creature_attack.lua,no_links,No internal links found
game_bot/default_configs/vBot_4.7/targetbot/creature_priority.lua,no_links,No internal links found
game_bot/default_configs/vBot_4.7/targetbot/walking.lua,no_links,No internal links found
game_bot/default_configs/vBot_4.7/targetbot/creature_editor.lua,no_links,No internal links found
game_bot/default_configs/vBot_4.7/targetbot/looting.lua,no_links,No internal links found
game_bot/default_configs/vBot_4.7/vBot/AttackBot.lua,no_links,No internal links found
game_bot/default_configs/vBot_4.7/vBot/eat_food.lua,no_links,No internal links found
game_bot/default_configs/vBot_4.7/vBot/alarms.lua,no_links,No internal links found
game_bot/default_configs/vBot_4.7/vBot/spy_level.lua,no_links,No internal links found
game_bot/default_configs/vBot_4.7/vBot/exeta.lua,no_links,No internal links found
game_bot/default_configs/vBot_4.7/vBot/Dropper.lua,no_links,No internal links found
game_bot/default_configs/vBot_4.7/vBot/supplies.lua,no_links,No internal links found
game_bot/default_configs/vBot_4.7/vBot/npc_talk.lua,no_links,No internal links found
game_bot/default_configs/vBot_4.7/vBot/tools.lua,no_links,No internal links found
game_bot/default_configs/vBot_4.7/vBot/Containers.lua,no_links,No internal links found
game_bot/default_configs/vBot_4.7/vBot/analyzer.lua,no_links,No internal links found
game_bot/default_configs/vBot_4.7/vBot/xeno_menu.lua,no_links,No internal links found
game_bot/default_configs/vBot_4.7/vBot/configs.lua,no_links,No internal links found
game_bot/default_configs/vBot_4.7/vBot/antiRs.lua,no_links,No internal links found
game_bot/default_configs/vBot_4.7/vBot/new_healer.lua,no_links,No internal links found
game_bot/default_configs/vBot_4.7/vBot/Equipper.lua,no_links,No internal links found
game_bot/default_configs/vBot_4.7/vBot/items.lua,no_links,No internal links found
game_bot/default_configs/vBot_4.7/vBot/cast_food.lua,no_links,No internal links found
game_bot/default_configs/vBot_4.7/vBot/HealBot.lua,no_links,No internal links found
game_bot/default_configs/vBot_4.7/vBot/vlib.lua,no_links,No internal links found
game_bot/default_configs/vBot_4.7/vBot/ingame_editor.lua,no_links,No internal links found
game_bot/default_configs/vBot_4.7/vBot/equip.lua,no_links,No internal links found
game_bot/default_configs/vBot_4.7/vBot/depositer_config.lua,no_links,No internal links found
game_bot/default_configs/vBot_4.7/vBot/playerlist.lua,no_links,No internal links found
game_bot/default_configs/vBot_4.7/vBot/Sio.lua,no_links,No internal links found
game_bot/default_configs/vBot_4.7/vBot/cavebot.lua,no_links,No internal links found
game_bot/default_configs/vBot_4.7/vBot/quiver_manager.lua,no_links,No internal links found
game_bot/default_configs/vBot_4.7/vBot/Conditions.lua,no_links,No internal links found
game_bot/default_configs/vBot_4.7/vBot/main.lua,no_links,No internal links found
game_bot/default_configs/vBot_4.7/vBot/extras.lua,no_links,No internal links found
game_bot/default_configs/vBot_4.7/vBot/hold_target.lua,no_links,No internal links found
game_bot/default_configs/vBot_4.7/vBot/new_cavebot_lib.lua,no_links,No internal links found
game_bot/default_configs/vBot_4.7/vBot/pushmax.lua,no_links,No internal links found
game_bot/default_configs/vBot_4.7/vBot/BotServer.lua,no_links,No internal links found
game_bot/default_configs/vBot_4.7/vBot/combo.lua,no_links,No internal links found
game_bot/default_configs/vBot_4.7/vBot/quiver_label.lua,no_links,No internal links found
game_bot/default_configs/vBot_4.7/vBot/cavebot_control_panel.lua,no_links,No internal links found
game_bot/default_configs/vBot_4.7/vBot/depot_withdraw.lua,no_links,No internal links found
game_bot/default_configs/cavebot_1.3/cavebot/example_functions.lua,no_links,No internal links found
game_bot/default_configs/cavebot_1.3/cavebot/walking.lua,no_links,No internal links found
game_bot/default_configs/cavebot_1.3/cavebot/config.lua,no_links,No internal links found
game_bot/default_configs/cavebot_1.3/cavebot/depositer.lua,no_links,No internal links found
game_bot/default_configs/cavebot_1.3/cavebot/cavebot.lua,no_links,No internal links found
game_bot/default_configs/cavebot_1.3/cavebot/supply.lua,no_links,No internal links found
game_bot/default_configs/cavebot_1.3/cavebot/recorder.lua,no_links,No internal links found
game_bot/default_configs/cavebot_1.3/cavebot/actions.lua,no_links,No internal links found
game_bot/default_configs/cavebot_1.3/cavebot/extension_template.lua,no_links,No internal links found
game_bot/default_configs/cavebot_1.3/cavebot/editor.lua,no_links,No internal links found
game_bot/default_configs/cavebot_1.3/targetbot/target.lua,no_links,No internal links found
game_bot/default_configs/cavebot_1.3/targetbot/creature.lua,no_links,No internal links found
game_bot/default_configs/cavebot_1.3/targetbot/creature_attack.lua,no_links,No internal links found
game_bot/default_configs/cavebot_1.3/targetbot/creature_priority.lua,no_links,No internal links found
game_bot/default_configs/cavebot_1.3/targetbot/walking.lua,no_links,No internal links found
game_bot/default_configs/cavebot_1.3/targetbot/creature_editor.lua,no_links,No internal links found
game_bot/default_configs/cavebot_1.3/targetbot/looting.lua,no_links,No internal links found
game_bot/default_configs/vBot_4.8/cavebot/supply_check.lua,no_links,No internal links found
game_bot/default_configs/vBot_4.8/cavebot/example_functions.lua,no_links,No internal links found
game_bot/default_configs/vBot_4.8/cavebot/imbuing.lua,no_links,No internal links found
game_bot/default_configs/vBot_4.8/cavebot/stand_lure.lua,no_links,No internal links found
game_bot/default_configs/vBot_4.8/cavebot/d_withdraw.lua,no_links,No internal links found
game_bot/default_configs/vBot_4.8/cavebot/doors.lua,no_links,No internal links found
game_bot/default_configs/vBot_4.8/cavebot/withdraw.lua,no_links,No internal links found
game_bot/default_configs/vBot_4.8/cavebot/travel.lua,no_links,No internal links found
game_bot/default_configs/vBot_4.8/cavebot/walking.lua,no_links,No internal links found
game_bot/default_configs/vBot_4.8/cavebot/pos_check.lua,no_links,No internal links found
game_bot/default_configs/vBot_4.8/cavebot/sell_all.lua,no_links,No internal links found
game_bot/default_configs/vBot_4.8/cavebot/bank.lua,no_links,No internal links found
game_bot/default_configs/vBot_4.8/cavebot/config.lua,no_links,No internal links found
game_bot/default_configs/vBot_4.8/cavebot/depositor.lua,no_links,No internal links found
game_bot/default_configs/vBot_4.8/cavebot/minimap.lua,no_links,No internal links found
game_bot/default_configs/vBot_4.8/cavebot/inbox_withdraw.lua,no_links,No internal links found
game_bot/default_configs/vBot_4.8/cavebot/buy_supplies.lua,no_links,No internal links found
game_bot/default_configs/vBot_4.8/cavebot/cavebot.lua,no_links,No internal links found
game_bot/default_configs/vBot_4.8/cavebot/lure.lua,no_links,No internal links found
game_bot/default_configs/vBot_4.8/cavebot/tasker.lua,no_links,No internal links found
game_bot/default_configs/vBot_4.8/cavebot/clear_tile.lua,no_links,No internal links found
game_bot/default_configs/vBot_4.8/cavebot/recorder.lua,no_links,No internal links found
game_bot/default_configs/vBot_4.8/cavebot/actions.lua,no_links,No internal links found
game_bot/default_configs/vBot_4.8/cavebot/extension_template.lua,no_links,No internal links found
game_bot/default_configs/vBot_4.8/cavebot/editor.lua,no_links,No internal links found
game_bot/default_configs/vBot_4.8/targetbot/target.lua,no_links,No internal links found
game_bot/default_configs/vBot_4.8/targetbot/creature.lua,no_links,No internal links found
game_bot/default_configs/vBot_4.8/targetbot/creature_attack.lua,no_links,No internal links found
game_bot/default_configs/vBot_4.8/targetbot/creature_priority.lua,no_links,No internal links found
game_bot/default_configs/vBot_4.8/targetbot/walking.lua,no_links,No internal links found
game_bot/default_configs/vBot_4.8/targetbot/creature_editor.lua,no_links,No internal links found
game_bot/default_configs/vBot_4.8/targetbot/looting.lua,no_links,No internal links found
game_bot/default_configs/vBot_4.8/vBot/AttackBot.lua,no_links,No internal links found
game_bot/default_configs/vBot_4.8/vBot/eat_food.lua,no_links,No internal links found
game_bot/default_configs/vBot_4.8/vBot/alarms.lua,no_links,No internal links found
game_bot/default_configs/vBot_4.8/vBot/spy_level.lua,no_links,No internal links found
game_bot/default_configs/vBot_4.8/vBot/exeta.lua,no_links,No internal links found
game_bot/default_configs/vBot_4.8/vBot/Dropper.lua,no_links,No internal links found
game_bot/default_configs/vBot_4.8/vBot/supplies.lua,no_links,No internal links found
game_bot/default_configs/vBot_4.8/vBot/npc_talk.lua,no_links,No internal links found
game_bot/default_configs/vBot_4.8/vBot/tools.lua,no_links,No internal links found
game_bot/default_configs/vBot_4.8/vBot/Containers.lua,no_links,No internal links found
game_bot/default_configs/vBot_4.8/vBot/analyzer.lua,no_links,No internal links found
game_bot/default_configs/vBot_4.8/vBot/xeno_menu.lua,no_links,No internal links found
game_bot/default_configs/vBot_4.8/vBot/configs.lua,no_links,No internal links found
game_bot/default_configs/vBot_4.8/vBot/antiRs.lua,no_links,No internal links found
game_bot/default_configs/vBot_4.8/vBot/new_healer.lua,no_links,No internal links found
game_bot/default_configs/vBot_4.8/vBot/Equipper.lua,no_links,No internal links found
game_bot/default_configs/vBot_4.8/vBot/items.lua,no_links,No internal links found
game_bot/default_configs/vBot_4.8/vBot/cast_food.lua,no_links,No internal links found
game_bot/default_configs/vBot_4.8/vBot/HealBot.lua,no_links,No internal links found
game_bot/default_configs/vBot_4.8/vBot/vlib.lua,no_links,No internal links found
game_bot/default_configs/vBot_4.8/vBot/ingame_editor.lua,no_links,No internal links found
game_bot/default_configs/vBot_4.8/vBot/equip.lua,no_links,No internal links found
game_bot/default_configs/vBot_4.8/vBot/depositer_config.lua,no_links,No internal links found
game_bot/default_configs/vBot_4.8/vBot/playerlist.lua,no_links,No internal links found
game_bot/default_configs/vBot_4.8/vBot/Sio.lua,no_links,No internal links found
game_bot/default_configs/vBot_4.8/vBot/cavebot.lua,no_links,No internal links found
game_bot/default_configs/vBot_4.8/vBot/quiver_manager.lua,no_links,No internal links found
game_bot/default_configs/vBot_4.8/vBot/Conditions.lua,no_links,No internal links found
game_bot/default_configs/vBot_4.8/vBot/main.lua,no_links,No internal links found
game_bot/default_configs/vBot_4.8/vBot/extras.lua,no_links,No internal links found
game_bot/default_configs/vBot_4.8/vBot/hold_target.lua,no_links,No internal links found
game_bot/default_configs/vBot_4.8/vBot/new_cavebot_lib.lua,no_links,No internal links found
game_bot/default_configs/vBot_4.8/vBot/pushmax.lua,no_links,No internal links found
game_bot/default_configs/vBot_4.8/vBot/BotServer.lua,no_links,No internal links found
game_bot/default_configs/vBot_4.8/vBot/combo.lua,no_links,No internal links found
game_bot/default_configs/vBot_4.8/vBot/quiver_label.lua,no_links,No internal links found
game_bot/default_configs/vBot_4.8/vBot/cavebot_control_panel.lua,no_links,No internal links found
game_bot/default_configs/vBot_4.8/vBot/depot_withdraw.lua,no_links,No internal links found
game_buttons/buttons.otui,no_links,No internal links found
client_entergame/entergame.otui,no_links,No internal links found
client_entergame/waitinglist.otui,no_links,No internal links found
client_options/game.otui,no_links,No internal links found
client_options/graphics.otui,no_links,No internal links found
client_options/audio.otui,no_links,No internal links found
client_options/custom.otui,no_links,No internal links found
client_options/console.otui,no_links,No internal links found
client_options/interface.otui,no_links,No internal links found
client_feedback/feedback.otui,no_links,No internal links found
game_console/console.otui,no_links,No internal links found
game_console/violationwindow.otui,no_links,No internal links found
game_viplist/addvip.otui,no_links,No internal links found
client_mobile/mobile.otui,no_links,No internal links found
game_actionbar/hotkey.otui,no_links,No internal links found
game_actionbar/text.otui,no_links,No internal links found
game_stats/stats.otui,no_links,No internal links found
game_healthinfo/healthinfo.otui,no_links,No internal links found
game_inventory/inventory.otui,no_links,No internal links found
client_background/background.otui,no_links,No internal links found
updater/updater.otui,no_links,No internal links found
game_shop/transfer.otui,no_links,No internal links found
game_minimap/minimap.otui,no_links,No internal links found
game_bot/edit.otui,no_links,No internal links found
game_market/ui/myoffers.otui,no_links,No internal links found
game_market/ui/marketoffers.otui,no_links,No internal links found
game_market/ui/myoffers/offerhistory.otui,no_links,No internal links found
game_market/ui/myoffers/itemoffers.otui,no_links,No internal links found
game_market/ui/marketoffers/overview.otui,no_links,No internal links found
